title,price,location,date,link
Camera Kinect Xbox 360,36080 lei,N/A,N/A,https://www.olx.ro/d/oferta/camera-kinect-xbox-360-IDjV7wB.html?search_reason=search%7Cpromoted
Monitor Gaming DELL G2724D,900 lei,N/A,N/A,https://www.olx.ro/d/oferta/monitor-gaming-dell-g2724d-IDkLRvw.html?search_reason=search%7Cpromoted
Vând Xbox Seris S defect Abu defect! Pentru piese,600 lei,N/A,N/A,https://www.olx.ro/d/oferta/vand-xbox-seris-s-defect-abu-defect-pentru-piese-IDkN0TP.html?search_reason=search%7Corganic
Controller xbox one/one s,50 lei,N/A,N/A,https://www.olx.ro/d/oferta/controller-xbox-one-one-s-IDj1VBk.html?search_reason=search%7Corganic
Controler Xbox original defect,50 lei,N/A,N/A,https://www.olx.ro/d/oferta/controler-xbox-original-defect-IDkLa1l.html?search_reason=search%7Corganic
"Xbox 360 slim defect , fara accesorii",100 lei,N/A,N/A,https://www.olx.ro/d/oferta/xbox-360-slim-defect-fara-accesorii-IDkNGML.html?search_reason=search%7Corganic
Forza horizon Xbox 360,36040 lei,N/A,N/A,https://www.olx.ro/d/oferta/forza-horizon-xbox-360-IDkKP0c.html?search_reason=search%7Corganic
"Samsung NeoQLED 75QN85D - Televizor MiniLED, 189 cm",500 lei,N/A,N/A,https://www.olx.ro/d/oferta/samsung-neoqled-75qn85d-televizor-miniled-189-cm-IDkLgnX.html?search_reason=search%7Cpromoted
Vand Volan Myria racing MG7418,7418350 lei,N/A,N/A,https://www.olx.ro/d/oferta/vand-volan-myria-racing-mg7418-IDkgdIp.html?search_reason=search%7Corganic
Controller Xbox Turtle Beach,150 lei,N/A,N/A,https://www.olx.ro/d/oferta/controller-xbox-turtle-beach-IDkaXws.html?search_reason=search%7Corganic
Xbox 360 cu 2 controlere si kinect,400 lei,N/A,N/A,https://www.olx.ro/d/oferta/xbox-360-cu-2-controlere-si-kinect-IDkIzQU.html?search_reason=search%7Corganic
Vand xbox360 defect cu alimentator,150 lei,N/A,N/A,https://www.olx.ro/d/oferta/vand-xbox360-defect-cu-alimentator-IDkCPcm.html?search_reason=search%7Corganic
"Controler scuf envision pro, razer wolverine v3 pro xbox , blitz 2 tmr, rainbow 3",3300 lei,N/A,N/A,https://www.olx.ro/d/oferta/controler-scuf-envision-pro-razer-wolverine-v3-pro-xbox-blitz-2-tmr-rainbow-3-IDkFwXJ.html?search_reason=search%7Corganic
Controller Xbox Series S - citiți descrierea,50 lei,N/A,N/A,https://www.olx.ro/d/oferta/controller-xbox-series-s-cititi-descrierea-IDkNnKr.html?search_reason=search%7Corganic
Vand controller xbox series x,100 lei,N/A,N/A,https://www.olx.ro/d/oferta/vand-controller-xbox-series-x-IDkNABU.html?search_reason=search%7Corganic
Xbox Controler defect,80 lei,N/A,N/A,https://www.olx.ro/d/oferta/xbox-controler-defect-IDkKl5s.html?search_reason=search%7Corganic
"Xbox 360,500 GB,un controller cu cablu+Assasin's Creed IV Black Flag,FIFA  Street,Mortal kombat komplete edition,FIFA 18,PES 2014,Need for speed PRO .",350 lei,N/A,N/A,https://www.olx.ro/d/oferta/xbox-360-500-gb-un-controller-cu-cablu-assasins-creed-iv-black-flag-fifa-street-mortal-kombat-komplete-edition-fifa-18-pes-2014-need-for-speed-pro-IDkNbfs.html?search_reason=search%7Corganic
Controller Xbox One S,150 lei,N/A,N/A,https://www.olx.ro/d/oferta/controller-xbox-one-s-IDfCkjS.html?search_reason=search%7Corganic
De colecție XBOX GREEN + controller S type,800 lei,N/A,N/A,https://www.olx.ro/d/oferta/de-colectie-xbox-green-controller-s-type-IDkNLdu.html?search_reason=search%7Corganic
Consolă Xbox 360 Modată + 146 Jocuri + HDD 60GB + Controller original,999 lei,N/A,N/A,https://www.olx.ro/d/oferta/consola-xbox-360-modata-146-jocuri-hdd-60gb-controller-original-IDkNwh6.html?search_reason=search%7Corganic
Jocuri pt Xbox One,50 lei,N/A,N/A,https://www.olx.ro/d/oferta/jocuri-pt-xbox-one-IDk8dNj.html?search_reason=search%7Corganic
Controller Original Microsoft Xbox 360 Wireless cu Acumulator,99 lei,N/A,N/A,https://www.olx.ro/d/oferta/controller-original-microsoft-xbox-360-wireless-cu-acumulator-IDkD08B.html?search_reason=search%7Corganic
Camera Kinect Xbox 360,36080 lei,N/A,N/A,https://www.olx.ro/d/oferta/camera-kinect-xbox-360-IDjV7wB.html?search_reason=search%7Corganic
Burkolat és belső fém váz  Casing + Metal Shield. & Hűtőventilátor Cooling Fan xbox series S,60 lei,N/A,N/A,https://www.olx.ro/d/oferta/burkolat-s-bels-fm-vz-casing-metal-shield-htventiltor-cooling-fan-xbox-series-s-IDkNd1x.html?search_reason=search%7Corganic
LG OLED 139cm 4k UltraHD 120hz televizor smart Dolby Vision mic defect,200 lei,N/A,N/A,https://www.olx.ro/d/oferta/lg-oled-139cm-4k-ultrahd-120hz-televizor-smart-dolby-vision-mic-defect-IDkp7VR.html?search_reason=search%7Corganic
Fifa 21 Xbox one,50 lei,N/A,N/A,https://www.olx.ro/d/oferta/fifa-21-xbox-one-IDgY3eP.html?search_reason=search%7Corganic
Xbox 360 FAT Revizuit Complet – Silențios / Fără Încălzire –Controller,270 lei,N/A,N/A,https://www.olx.ro/d/oferta/xbox-360-fat-revizuit-complet-silentios-fara-incalzire-controller-IDk0wEU.html?search_reason=search%7Corganic
Consola defecta Xbox 360 S (model 1439) Modata / 500GB cu o mansa si cablu de alimentare / (nu porneste),180 lei,N/A,N/A,https://www.olx.ro/d/oferta/consola-defecta-xbox-360-s-model-1439-modata-500gb-cu-o-mansa-si-cablu-de-alimentare-nu-porneste-IDkslV6.html?search_reason=search%7Corganic
SURSA alimentare alimentator incarcator Xbox ONE 17.9A,80 lei,N/A,N/A,https://www.olx.ro/d/oferta/sursa-alimentare-alimentator-incarcator-xbox-one-17-9a-IDiBUTv.html?search_reason=search%7Corganic
"Comodă TV colț, culoare stejar, cu spații de depozitare – stare foarte bună",80 lei,N/A,N/A,https://www.olx.ro/d/oferta/comoda-tv-colt-culoare-stejar-cu-spatii-de-depozitare-stare-foarte-buna-IDkJ8By.html?search_reason=search%7Corganic
Xbox one X 4k Preț fix / consola Xbox one X,259 lei,N/A,N/A,https://www.olx.ro/d/oferta/xbox-one-x-4k-pret-fix-consola-xbox-one-x-IDkD9dm.html?search_reason=search%7Corganic
"SAMSUNG S21 + Plus  , Magazin Cashgen",699 lei,N/A,N/A,https://www.olx.ro/d/oferta/samsung-s21-plus-magazin-cashgen-IDkHUhr.html?search_reason=search%7Corganic
Vand Volan myria cu schimbator,400 lei,N/A,N/A,https://www.olx.ro/d/oferta/vand-volan-myria-cu-schimbator-IDkNj3B.html?search_reason=search%7Corganic
360 xbox  modat în service LG,599 lei,N/A,N/A,https://www.olx.ro/d/oferta/360-xbox-modat-in-service-lg-IDiKJx2.html?search_reason=search%7Corganic
Sursă de alimentare internă originală Xbox Series S (Model 1921/1883),110 lei,N/A,N/A,https://www.olx.ro/d/oferta/sursa-de-alimentare-interna-originala-xbox-series-s-model-1921-1883-IDkNcLC.html?search_reason=search%7Corganic
Volan G920 + pedale + schimbator 6+R,000 lei,N/A,N/A,https://www.olx.ro/d/oferta/volan-g920-pedale-schimbator-6-r-IDkrEdW.html?search_reason=search%7Corganic
Set controllere PS5/ Xbox series,500 lei,N/A,N/A,https://www.olx.ro/d/oferta/set-controllere-ps5-xbox-series-IDkL9Mb.html?search_reason=search%7Corganic
Vand xbox si volan logitech,700 lei,N/A,N/A,https://www.olx.ro/d/oferta/vand-xbox-si-volan-logitech-IDkMhxH.html?search_reason=search%7Corganic
"Samsung NeoQLED 75QN85D - Televizor MiniLED, 189 cm",500 lei,N/A,N/A,https://www.olx.ro/d/oferta/samsung-neoqled-75qn85d-televizor-miniled-189-cm-IDkLgnX.html?search_reason=search%7Corganic
Controller xbox series s si x,250 lei,N/A,N/A,https://www.olx.ro/d/oferta/controller-xbox-series-s-si-x-IDkiyb6.html?search_reason=search%7Corganic
"boxe 5.1 Logitech X-530, format din 5 boxe satelit + 1 subwoofer activ",130 lei,N/A,N/A,https://www.olx.ro/d/oferta/boxe-5-1-logitech-x-530-format-din-5-boxe-satelit-1-subwoofer-activ-IDkNBiO.html?search_reason=search%7Corganic
Vând Volan Gaming Myria MG7419 (Kit Complet cu Pedale și Cleme de Prindere),230 lei,N/A,N/A,https://www.olx.ro/d/oferta/vand-volan-gaming-myria-mg7419-kit-complet-cu-pedale-si-cleme-de-prindere-IDkKonQ.html?search_reason=search%7Corganic
Consola Gaming MSI Claw 8 AI+,799 lei,N/A,N/A,https://www.olx.ro/d/oferta/consola-gaming-msi-claw-8-ai-IDkMTmo.html?search_reason=search%7Corganic
Xbox ore s defect și două manete,500 lei,N/A,N/A,https://www.olx.ro/d/oferta/xbox-ore-s-defect-si-doua-manete-IDkJWVD.html?search_reason=search%7Corganic
"Pachet Jocuri Xbox One / Xbox Series X | GTA V, Minecraft, FIFA, CoD",200 lei,N/A,N/A,https://www.olx.ro/d/oferta/pachet-jocuri-xbox-one-xbox-series-x-gta-v-minecraft-fifa-cod-IDkMa9b.html?search_reason=search%7Corganic
Controller PS5 DualSense cu TMR,270 lei,N/A,N/A,https://www.olx.ro/d/oferta/controller-ps5-dualsense-cu-tmr-IDkjgU1.html?search_reason=search%7Corganic
"televizor Samsung Neo QLED 55” (138 cm), model QE55QN85BATXXH",800 lei,N/A,N/A,https://www.olx.ro/d/oferta/televizor-samsung-neo-qled-55-138-cm-model-qe55qn85batxxh-IDkFqAQ.html?search_reason=search%7Corganic
Volan logitech true force G923 + schimbator,500 lei,N/A,N/A,https://www.olx.ro/d/oferta/volan-logitech-true-force-g923-schimbator-IDjszVx.html?search_reason=search%7Corganic
"Comodă TV culoare fag, stare foarte bună, cu poliță pentru receiver/consolă",40 lei,N/A,N/A,https://www.olx.ro/d/oferta/comoda-tv-culoare-fag-stare-foarte-buna-cu-polita-pentru-receiver-consola-IDkJ8uS.html?search_reason=search%7Corganic
EA Sports FC 25 pentru xbox,125 lei,N/A,N/A,https://www.olx.ro/d/oferta/ea-sports-fc-25-pentru-xbox-IDkNzFx.html?search_reason=search%7Corganic
Consola X box one X,000 lei,N/A,N/A,https://www.olx.ro/d/oferta/consola-x-box-one-x-IDkMEAY.html?search_reason=search%7Corganic
Loc de joaca la cheie interior/exterior,"178,83 lei",N/A,N/A,https://www.olx.ro/d/oferta/loc-de-joaca-la-cheie-interior-exterior-IDkNmtT.html?search_reason=search%7Corganic
Controler Wireless Xbox,110 lei,N/A,N/A,https://www.olx.ro/d/oferta/controler-wireless-xbox-IDkME5D.html?search_reason=search%7Corganic
Vând Xbox one s .,"707,30 lei",N/A,N/A,https://www.olx.ro/d/oferta/vand-xbox-one-s-IDkMJkU.html?search_reason=search%7Corganic
Xbox 360 din 2017,2017500 lei,N/A,N/A,https://www.olx.ro/d/oferta/xbox-360-din-2017-IDkMpah.html?search_reason=search%7Corganic
Casti Razer Nari - Wireless,240 lei,N/A,N/A,https://www.olx.ro/d/oferta/casti-razer-nari-wireless-IDkeEQT.html?search_reason=search%7Corganic
Vând Xbox s series 512gb cu jocuri și accesorii,199 lei,N/A,N/A,https://www.olx.ro/d/oferta/vand-xbox-s-series-512gb-cu-jocuri-si-accesorii-IDkMxsv.html?search_reason=search%7Corganic
diverse piese pentru xbox 360,36030 lei,N/A,N/A,https://www.olx.ro/d/oferta/diverse-piese-pentru-xbox-360-IDkFMJz.html?search_reason=search%7Corganic
Joc  cat&mouse +4 ani,50 lei,N/A,N/A,https://www.olx.ro/d/oferta/joc-cat-mouse-4-ani-IDh1K09.html?search_reason=search%7Corganic
vand kinect 2 defect (pentru piese) + alimentator+cablu date,110 lei,N/A,N/A,https://www.olx.ro/d/oferta/vand-kinect-2-defect-pentru-piese-alimentator-cablu-date-IDk2dZo.html?search_reason=search%7Corganic
Controll Xbox One,150 lei,N/A,N/A,https://www.olx.ro/d/oferta/controll-xbox-one-IDkktQs.html?search_reason=search%7Corganic
"Televizor GIGANT TCL 98P745 (248 cm) – Smart Google TV, 4K | Se emite FACTURĂ",999 lei,N/A,N/A,https://www.olx.ro/d/oferta/televizor-gigant-tcl-98p745-248-cm-smart-google-tv-4k-se-emite-factura-IDkJKHT.html?search_reason=search%7Corganic
"Curățare Mentenanţă PS4, PS5, XBOX | Controller TMR (Fără Stick-Drift) | Port USB",99 lei,N/A,N/A,https://www.olx.ro/d/oferta/curatare-mentenanta-ps4-ps5-xbox-controller-tmr-fara-stick-drift-port-usb-IDkvPAM.html?search_reason=search%7Corganic
Schimb cu ps sau x box boxa activa monitor de scena merge ff bn,550 lei,N/A,N/A,https://www.olx.ro/d/oferta/schimb-cu-ps-sau-x-box-boxa-activa-monitor-de-scena-merge-ff-bn-IDkaFWv.html?search_reason=search%7Corganic
"Scaun gaming , Cockpit , Playseat Evolution , scaun pentru joc , volan",500 lei,N/A,N/A,https://www.olx.ro/d/oferta/scaun-gaming-cockpit-playseat-evolution-scaun-pentru-joc-volan-IDko4cU.html?search_reason=search%7Corganic
Xbox 360 Slim + F1 2010 + Lord Of The Rings + F1 2010 + Resident Evil,650 lei,N/A,N/A,https://www.olx.ro/d/oferta/xbox-360-slim-f1-2010-lord-of-the-rings-f1-2010-resident-evil-IDkadNr.html?search_reason=search%7Corganic
Maneta gaming pc/ps5/xbox profesionala victrix pro bfg,600 lei,N/A,N/A,https://www.olx.ro/d/oferta/maneta-gaming-pc-ps5-xbox-profesionala-victrix-pro-bfg-IDkuCaJ.html?search_reason=search%7Corganic
Xbox one console,170 lei,N/A,N/A,https://www.olx.ro/d/oferta/xbox-one-console-IDkJoKK.html?search_reason=search%7Corganic
"Controller RAZER Wolverine V3 Tournament Edition, PC, Xbox, negru",450 lei,N/A,N/A,https://www.olx.ro/d/oferta/controller-razer-wolverine-v3-tournament-edition-pc-xbox-negru-IDk8j4d.html?search_reason=search%7Corganic
"Oppo A79 , Magazin Cashgen",400 lei,N/A,N/A,https://www.olx.ro/d/oferta/oppo-a79-magazin-cashgen-IDkMKkk.html?search_reason=search%7Corganic
volan gaming compatibil cu console,170 lei,N/A,N/A,https://www.olx.ro/d/oferta/volan-gaming-compatibil-cu-console-IDkKpm8.html?search_reason=search%7Corganic
Controller Xbox Series S/X,190 lei,N/A,N/A,https://www.olx.ro/d/oferta/controller-xbox-series-s-x-IDkLEoV.html?search_reason=search%7Corganic
Controller Myria Gaming Compatibil PC\Xbox\Ps4,430 lei,N/A,N/A,https://www.olx.ro/d/oferta/controller-myria-gaming-compatibil-pc-xbox-ps4-IDkM5fX.html?search_reason=search%7Corganic
Vând ventilator dublu pentru xbox 360,36030 lei,N/A,N/A,https://www.olx.ro/d/oferta/vand-ventilator-dublu-pentru-xbox-360-IDkMgsl.html?search_reason=search%7Corganic
Videoproiector OPTOMA UHD35X,000 lei,N/A,N/A,https://www.olx.ro/d/oferta/videoproiector-optoma-uhd35x-IDkJ8wJ.html?search_reason=search%7Corganic
Controller PS5 DualSense cu TMR,270 lei,N/A,N/A,https://www.olx.ro/d/oferta/controller-ps5-dualsense-cu-tmr-IDkjgOw.html?search_reason=search%7Corganic
Joc Split Fiction Xbox Series X,140 lei,N/A,N/A,https://www.olx.ro/d/oferta/joc-split-fiction-xbox-series-x-IDkwTRi.html?search_reason=search%7Corganic
Controller wireless Microsoft Xbox One,175 lei,N/A,N/A,https://www.olx.ro/d/oferta/controller-wireless-microsoft-xbox-one-IDkrMTO.html?search_reason=search%7Corganic
Set volan Logitech G920 cu pedale si schimbator de viteze,000 lei,N/A,N/A,https://www.olx.ro/d/oferta/set-volan-logitech-g920-cu-pedale-si-schimbator-de-viteze-IDkL7df.html?search_reason=search%7Corganic
Vand volan gaming Myria 7418,7418520 lei,N/A,N/A,https://www.olx.ro/d/oferta/vand-volan-gaming-myria-7418-IDkjek2.html?search_reason=search%7Corganic
Joystick Backbone Playstation Lightning,210 lei,N/A,N/A,https://www.olx.ro/d/oferta/joystick-backbone-playstation-lightning-IDkzfwM.html?search_reason=search%7Corganic
Volan Gaming Myria MG7419,7419380 lei,N/A,N/A,https://www.olx.ro/d/oferta/volan-gaming-myria-mg7419-IDkM457.html?search_reason=search%7Corganic
Controller Dualsense Ps5 Cosmic red cu TMR K-Silver,320 lei,N/A,N/A,https://www.olx.ro/d/oferta/controller-dualsense-ps5-cosmic-red-cu-tmr-k-silver-IDkjjPY.html?search_reason=search%7Corganic
Vând volan g920 pentru compatibil cu Xbox uri și calculatoare și laptopuri,000 lei,N/A,N/A,https://www.olx.ro/d/oferta/vand-volan-g920-pentru-compatibil-cu-xbox-uri-si-calculatoare-si-laptopuri-IDkyvOJ.html?search_reason=search%7Corganic
"Hard Drive Extern Sonnics 1TB – USB 3.0, Design Slim Argintiu (Compatibil PC/Mac/Android)
​Descriere:
​Vând Hard Drive Extern marca Sonnics, cu o capa",120 lei,N/A,N/A,https://www.olx.ro/d/oferta/hard-drive-extern-sonnics-1tb-usb-3-0-design-slim-argintiu-compatibil-pc-mac-androiddescrierevand-hard-drive-extern-marca-sonnics-cu-o-capa-IDkyGMM.html?search_reason=search%7Corganic
Monitor Gaming Cepter Alpha X3 V2 24 IPS 144Hz 1ms HDR FreeSync FHD,349 lei,N/A,N/A,https://www.olx.ro/d/oferta/monitor-gaming-cepter-alpha-x3-v2-24-ips-144hz-1ms-hdr-freesync-fhd-IDkMEZ4.html?search_reason=search%7Corganic
Vand Controller xbox/ pc verde,150 lei,N/A,N/A,https://www.olx.ro/d/oferta/vand-controller-xbox-pc-verde-IDkNlqR.html?search_reason=search%7Corganic
Controllere PS5 cu kit TMR KS (NU mai face stick drift),320 lei,N/A,N/A,https://www.olx.ro/d/oferta/controllere-ps5-cu-kit-tmr-ks-nu-mai-face-stick-drift-IDkoDKE.html?search_reason=search%7Corganic
vand controller xbox360 compatibil si la pc,100 lei,N/A,N/A,https://www.olx.ro/d/oferta/vand-controller-xbox360-compatibil-si-la-pc-IDkoagY.html?search_reason=search%7Corganic
volan gaming pc/playstation/xbox genesis seaborg 350,350380 lei,N/A,N/A,https://www.olx.ro/d/oferta/volan-gaming-pc-playstation-xbox-genesis-seaborg-350-IDkK1kp.html?search_reason=search%7Corganic
Cashgen Amanet Xiaomi REDMI NOTE 13 5G,425 lei,N/A,N/A,https://www.olx.ro/d/oferta/cashgen-amanet-xiaomi-redmi-note-13-5g-IDkDKPV.html?search_reason=search%7Corganic
Sursă de alimentare / Alimentator Original Microsoft Xbox 360 (150W),90 lei,N/A,N/A,https://www.olx.ro/d/oferta/sursa-de-alimentare-alimentator-original-microsoft-xbox-360-150w-IDkBCYg.html?search_reason=search%7Corganic
"Căști PlaySonic 3 PS4, Xbox, pc",40 lei,N/A,N/A,https://www.olx.ro/d/oferta/casti-playsonic-3-ps4-xbox-pc-IDkyxzp.html?search_reason=search%7Corganic
Maneta de Xbox one,200 lei,N/A,N/A,https://www.olx.ro/d/oferta/maneta-de-xbox-one-IDiZovh.html?search_reason=search%7Corganic
Gigabyte M32U 4k144hz monitor,850 lei,N/A,N/A,https://www.olx.ro/d/oferta/gigabyte-m32u-4k144hz-monitor-IDkLexE.html?search_reason=search%7Corganic
volan Tracer roadster  Xbox/PC/ps citiți descrierea!!!,400 lei,N/A,N/A,https://www.olx.ro/d/oferta/volan-tracer-roadster-xbox-pc-ps-cititi-descrierea-IDkFWbc.html?search_reason=search%7Corganic
Vând volan myria mg7418,7418450 lei,N/A,N/A,https://www.olx.ro/d/oferta/vand-volan-myria-mg7418-IDkgRME.html?search_reason=search%7Corganic
Volan Logitech G920 complet + schimbator,000 lei,N/A,N/A,https://www.olx.ro/d/oferta/volan-logitech-g920-complet-schimbator-IDkJ8Ve.html?search_reason=search%7Corganic
Volan gaming PXN V9,9550 lei,N/A,N/A,https://www.olx.ro/d/oferta/volan-gaming-pxn-v9-IDk8E68.html?search_reason=search%7Corganic
Curățare Profesională Controllere Gaming – PS4/PS5/Xbox,35 lei,N/A,N/A,https://www.olx.ro/d/oferta/curatare-profesionala-controllere-gaming-ps4-ps5-xbox-IDjBlUP.html?search_reason=search%7Corganic
Fifa pentru xbox one/series X,100 lei,N/A,N/A,https://www.olx.ro/d/oferta/fifa-pentru-xbox-one-series-x-IDkovLV.html?search_reason=search%7Corganic
Controler de gaming cu fir Turtle Beach Rematch Core licențiat pentru Xbox și PC,100 lei,N/A,N/A,https://www.olx.ro/d/oferta/controler-de-gaming-cu-fir-turtle-beach-rematch-core-licentiat-pentru-xbox-si-pc-IDkM1qx.html?search_reason=search%7Corganic
"Cashgen amanet , OPPO A 5 PRO",535 lei,N/A,N/A,https://www.olx.ro/d/oferta/cashgen-amanet-oppo-a-5-pro-IDkCoAL.html?search_reason=search%7Corganic
Set analog 3D joystick controller PS4/PS4 PRO/Xbox One - de calitate,30 lei,N/A,N/A,https://www.olx.ro/d/oferta/set-analog-3d-joystick-controller-ps4-ps4-pro-xbox-one-de-calitate-IDhZqGs.html?search_reason=search%7Corganic
"Pachet Home Cinema Premium: Smart TV Hisense MiniLED 65"" (165cm) + Logitech Z906 5.1 THX",000 lei,N/A,N/A,https://www.olx.ro/d/oferta/pachet-home-cinema-premium-smart-tv-hisense-miniled-65-165cm-logitech-z906-5-1-thx-IDkJEGX.html?search_reason=search%7Corganic
Casti Gaming ASUS ROG Strix Fusion 300 Pink,350 lei,N/A,N/A,https://www.olx.ro/d/oferta/casti-gaming-asus-rog-strix-fusion-300-pink-IDkJM2Z.html?search_reason=search%7Corganic
Televizor Samsung Q90T 55 inch,000 lei,N/A,N/A,https://www.olx.ro/d/oferta/televizor-samsung-q90t-55-inch-IDkMoHt.html?search_reason=search%7Corganic
Borseta copii Zara consola xbox,70 lei,N/A,N/A,https://www.olx.ro/d/oferta/borseta-copii-zara-consola-xbox-IDjtJ0X.html?search_reason=search%7Corganic
Set accesorii originale Nintendo Switch – Dock și Joy-Con Grip,200 lei,N/A,N/A,https://www.olx.ro/d/oferta/set-accesorii-originale-nintendo-switch-dock-si-joy-con-grip-IDkIxlW.html?search_reason=search%7Corganic
Animal Crossing Nintendo Switch,160 lei,N/A,N/A,https://www.olx.ro/d/oferta/animal-crossing-nintendo-switch-IDkLpaz.html?search_reason=search%7Corganic
Hyrule Warriors Switch 2 Edition Nou Sigilat,220 lei,N/A,N/A,https://www.olx.ro/d/oferta/hyrule-warriors-switch-2-edition-nou-sigilat-IDkhUGz.html?search_reason=search%7Corganic
Nexigo Gripcon grip cu joycon(Hall Effect) si Dock HDMI tv Nintendo Switch Oled sau normal,170 lei,N/A,N/A,https://www.olx.ro/d/oferta/nexigo-gripcon-grip-cu-joyconhall-effect-si-dock-hdmi-tv-nintendo-switch-oled-sau-normal-IDkLaJv.html?search_reason=search%7Corganic
Konix Paar Joypads pentru Nintendo Switch și Switch OLED - Compatibil cu Nintendo Switch 2,2130 lei,N/A,N/A,https://www.olx.ro/d/oferta/konix-paar-joypads-pentru-nintendo-switch-si-switch-oled-compatibil-cu-nintendo-switch-2-IDkLZHT.html?search_reason=search%7Corganic
Joc Nintendo Switch - Peppa Pig My Friend,60 lei,N/A,N/A,https://www.olx.ro/d/oferta/joc-nintendo-switch-peppa-pig-my-friend-IDkea7Y.html?search_reason=search%7Corganic
Mario Kart World – Nintendo Switch 2 – SIGILAT,300 lei,N/A,N/A,https://www.olx.ro/d/oferta/mario-kart-world-nintendo-switch-2-sigilat-IDkN3id.html?search_reason=search%7Corganic
Donkey Kong Bananza – Nintendo Switch 2,2270 lei,N/A,N/A,https://www.olx.ro/d/oferta/donkey-kong-bananza-nintendo-switch-2-IDkN3lS.html?search_reason=search%7Corganic
Joycon Grip Nintendo Switch,25 lei,N/A,N/A,https://www.olx.ro/d/oferta/joycon-grip-nintendo-switch-IDkHzbg.html?search_reason=search%7Corganic
"Controller Nintendo Switch Pro original, stare excelentă, primul model",250 lei,N/A,N/A,https://www.olx.ro/d/oferta/controller-nintendo-switch-pro-original-stare-excelenta-primul-model-IDkdWvW.html?search_reason=search%7Corganic
Zelda - Nintendo Switch 2,2230 lei,N/A,N/A,https://www.olx.ro/d/oferta/zelda-nintendo-switch-2-IDkLOwY.html?search_reason=search%7Corganic
"Controller PowerA original pentru Nintendo Switch – testat, funcțional – fără cablu",75 lei,N/A,N/A,https://www.olx.ro/d/oferta/controller-powera-original-pentru-nintendo-switch-testat-functional-fara-cablu-IDkLeXb.html?search_reason=search%7Corganic
"Volan gaming Myria, cu pedale.",230 lei,N/A,N/A,https://www.olx.ro/d/oferta/volan-gaming-myria-cu-pedale-IDkNAf3.html?search_reason=search%7Corganic
Subsonic - Controler wireless Switch & Switch 2,280 lei,N/A,N/A,https://www.olx.ro/d/oferta/subsonic-controler-wireless-switch-switch-2-IDkM1nW.html?search_reason=search%7Corganic
Slot card MicroSD/tf hac-SD-01 pt Nintendo Switch piesă funcțională,65 lei,N/A,N/A,https://www.olx.ro/d/oferta/slot-card-microsd-tf-hac-sd-01-pt-nintendo-switch-piesa-functionala-IDkkLAj.html?search_reason=search%7Corganic
volan gaming pc/playstation/xbox genesis seaborg 350,350380 lei,N/A,N/A,https://www.olx.ro/d/oferta/volan-gaming-pc-playstation-xbox-genesis-seaborg-350-IDkK1kp.html?search_reason=search%7Corganic
casti gaming asus tuf h3 pt ps5 xbox pc nintendo etc,120 lei,N/A,N/A,https://www.olx.ro/d/oferta/casti-gaming-asus-tuf-h3-pt-ps5-xbox-pc-nintendo-etc-IDkA1s9.html?search_reason=search%7Corganic
Turtle beach stealth 700 gen2 max,500 lei,N/A,N/A,https://www.olx.ro/d/oferta/turtle-beach-stealth-700-gen2-max-IDkMpeg.html?search_reason=search%7Corganic
Razer blackshark V3 white edition wirless,650 lei,N/A,N/A,https://www.olx.ro/d/oferta/razer-blackshark-v3-white-edition-wirless-IDkMcjB.html?search_reason=search%7Corganic
Videoproiector Smart Android WiFi HDMI USB iFUN 230145 LED,249 lei,N/A,N/A,https://www.olx.ro/d/oferta/videoproiector-smart-android-wifi-hdmi-usb-ifun-230145-led-IDkDVlE.html?search_reason=search%7Corganic
Căști cu fir Belkin Gaming Inspire Kids cu dongle USB-C,100 lei,N/A,N/A,https://www.olx.ro/d/oferta/casti-cu-fir-belkin-gaming-inspire-kids-cu-dongle-usb-c-IDkM0Gi.html?search_reason=search%7Corganic
Scaun Gaming Premium X Rocker Monsoon RGB 4.1 – Sunet Imersiv & LED,790 lei,N/A,N/A,https://www.olx.ro/d/oferta/scaun-gaming-premium-x-rocker-monsoon-rgb-4-1-sunet-imersiv-led-IDkMLb6.html?search_reason=search%7Corganic
Service / curățare console / controllere Xbox PlayStation Nintendo,50 lei,N/A,N/A,https://www.olx.ro/d/oferta/service-curatare-console-controllere-xbox-playstation-nintendo-IDfPqKd.html?search_reason=search%7Corganic
Sound BlasterX G6,6550 lei,N/A,N/A,https://www.olx.ro/d/oferta/sound-blasterx-g6-IDkowwC.html?search_reason=search%7Corganic
Set accesorii originale Nintendo Switch – Dock și Joy-Con Grip,200 lei,N/A,N/A,https://www.olx.ro/d/oferta/set-accesorii-originale-nintendo-switch-dock-si-joy-con-grip-IDkIxlW.html?search_reason=search%7Corganic
Animal Crossing Nintendo Switch,160 lei,N/A,N/A,https://www.olx.ro/d/oferta/animal-crossing-nintendo-switch-IDkLpaz.html?search_reason=search%7Corganic
Hyrule Warriors Switch 2 Edition Nou Sigilat,220 lei,N/A,N/A,https://www.olx.ro/d/oferta/hyrule-warriors-switch-2-edition-nou-sigilat-IDkhUGz.html?search_reason=search%7Corganic
Nexigo Gripcon grip cu joycon(Hall Effect) si Dock HDMI tv Nintendo Switch Oled sau normal,170 lei,N/A,N/A,https://www.olx.ro/d/oferta/nexigo-gripcon-grip-cu-joyconhall-effect-si-dock-hdmi-tv-nintendo-switch-oled-sau-normal-IDkLaJv.html?search_reason=search%7Corganic
Konix Paar Joypads pentru Nintendo Switch și Switch OLED - Compatibil cu Nintendo Switch 2,2130 lei,N/A,N/A,https://www.olx.ro/d/oferta/konix-paar-joypads-pentru-nintendo-switch-si-switch-oled-compatibil-cu-nintendo-switch-2-IDkLZHT.html?search_reason=search%7Corganic
Set accesorii originale Nintendo Switch – Dock și Joy-Con Grip,200 lei,N/A,N/A,https://www.olx.ro/d/oferta/set-accesorii-originale-nintendo-switch-dock-si-joy-con-grip-IDkIxlW.html?search_reason=search%7Corganic
Animal Crossing Nintendo Switch,160 lei,N/A,N/A,https://www.olx.ro/d/oferta/animal-crossing-nintendo-switch-IDkLpaz.html?search_reason=search%7Corganic
Hyrule Warriors Switch 2 Edition Nou Sigilat,220 lei,N/A,N/A,https://www.olx.ro/d/oferta/hyrule-warriors-switch-2-edition-nou-sigilat-IDkhUGz.html?search_reason=search%7Corganic
Nexigo Gripcon grip cu joycon(Hall Effect) si Dock HDMI tv Nintendo Switch Oled sau normal,170 lei,N/A,N/A,https://www.olx.ro/d/oferta/nexigo-gripcon-grip-cu-joyconhall-effect-si-dock-hdmi-tv-nintendo-switch-oled-sau-normal-IDkLaJv.html?search_reason=search%7Corganic
Konix Paar Joypads pentru Nintendo Switch și Switch OLED - Compatibil cu Nintendo Switch 2,2130 lei,N/A,N/A,https://www.olx.ro/d/oferta/konix-paar-joypads-pentru-nintendo-switch-si-switch-oled-compatibil-cu-nintendo-switch-2-IDkLZHT.html?search_reason=search%7Corganic
Set accesorii originale Nintendo Switch – Dock și Joy-Con Grip,200 lei,N/A,N/A,https://www.olx.ro/d/oferta/set-accesorii-originale-nintendo-switch-dock-si-joy-con-grip-IDkIxlW.html?search_reason=search%7Corganic
Animal Crossing Nintendo Switch,160 lei,N/A,N/A,https://www.olx.ro/d/oferta/animal-crossing-nintendo-switch-IDkLpaz.html?search_reason=search%7Corganic
Hyrule Warriors Switch 2 Edition Nou Sigilat,220 lei,N/A,N/A,https://www.olx.ro/d/oferta/hyrule-warriors-switch-2-edition-nou-sigilat-IDkhUGz.html?search_reason=search%7Corganic
Nexigo Gripcon grip cu joycon(Hall Effect) si Dock HDMI tv Nintendo Switch Oled sau normal,170 lei,N/A,N/A,https://www.olx.ro/d/oferta/nexigo-gripcon-grip-cu-joyconhall-effect-si-dock-hdmi-tv-nintendo-switch-oled-sau-normal-IDkLaJv.html?search_reason=search%7Corganic
Konix Paar Joypads pentru Nintendo Switch și Switch OLED - Compatibil cu Nintendo Switch 2,2130 lei,N/A,N/A,https://www.olx.ro/d/oferta/konix-paar-joypads-pentru-nintendo-switch-si-switch-oled-compatibil-cu-nintendo-switch-2-IDkLZHT.html?search_reason=search%7Corganic
